{
  "TRADES": [
    {
      "id": "T15n738b5",
      "timestamp": "2025-10-17T09:15:43.369Z",
      "asset": "XAUUSD",
      "direction": "PUT",
      "amount": 10,
      "mg_step": 0,
      "result": "LOSE",
      "profit": -10,
      "strategy": "Baseline",
      "duration": 1
    },
    {
      "id": "Txz1ju2na",
      "timestamp": "2025-10-17T09:03:28.991Z",
      "asset": "XAUUSD",
      "direction": "PUT",
      "amount": 10,
      "mg_step": 0,
      "result": "WIN",
      "profit": 8,
      "strategy": "Baseline",
      "duration": 1
    },
    {
      "id": "Te1pgvln2",
      "timestamp": "2025-10-17T09:02:13.194Z",
      "asset": "XAUUSD",
      "direction": "CALL",
      "amount": 10,
      "mg_step": 0,
      "result": "LOSE",
      "profit": -10,
      "strategy": "Baseline",
      "duration": 1
    },
    {
      "id": "Tgyn8qh81",
      "timestamp": "2025-10-17T09:02:05.329Z",
      "asset": "XAUUSD",
      "direction": "CALL",
      "amount": 10,
      "mg_step": 0,
      "result": "WIN",
      "profit": 8,
      "strategy": "Baseline",
      "duration": 1
    },
    {
      "id": "Tksnh3puc",
      "timestamp": "2025-10-17T08:59:39.263Z",
      "asset": "XAUUSD",
      "direction": "CALL",
      "amount": 10,
      "mg_step": 0,
      "result": "PENDING",
      "profit": 0,
      "strategy": "Baseline",
      "duration": 1
    },
    {
      "id": "T3cgfcost",
      "timestamp": "2025-10-17T08:58:39.261Z",
      "asset": "XAUUSD",
      "direction": "CALL",
      "amount": 10,
      "mg_step": 0,
      "result": "WIN",
      "profit": 8,
      "strategy": "Baseline",
      "duration": 1
    },
    {
      "id": "Tb4f3x9it",
      "timestamp": "2025-10-17T08:57:39.257Z",
      "asset": "XAUUSD",
      "direction": "CALL",
      "amount": 10,
      "mg_step": 0,
      "result": "EQUAL",
      "profit": 0,
      "strategy": "Baseline",
      "duration": 1
    },
    {
      "id": "T7nzzh6zc",
      "timestamp": "2025-10-17T08:56:39.253Z",
      "asset": "XAUUSD",
      "direction": "PUT",
      "amount": 10,
      "mg_step": 0,
      "result": "LOSE",
      "profit": -10,
      "strategy": "Baseline",
      "duration": 1
    },
    {
      "id": "Txdvnreg5",
      "timestamp": "2025-10-17T08:55:39.250Z",
      "asset": "XAUUSD",
      "direction": "PUT",
      "amount": 10,
      "mg_step": 0,
      "result": "LOSE",
      "profit": -10,
      "strategy": "Baseline",
      "duration": 1
    },
    {
      "id": "Tidk9kgnb",
      "timestamp": "2025-10-17T08:54:39.242Z",
      "asset": "XAUUSD",
      "direction": "CALL",
      "amount": 10,
      "mg_step": 0,
      "result": "WIN",
      "profit": 8,
      "strategy": "Baseline",
      "duration": 1
    },
    {
      "id": "T3fapd86r",
      "timestamp": "2025-10-17T08:53:39.241Z",
      "asset": "XAUUSD",
      "direction": "PUT",
      "amount": 10,
      "mg_step": 0,
      "result": "WIN",
      "profit": 8,
      "strategy": "Baseline",
      "duration": 1
    },
    {
      "id": "Tb31olekr",
      "timestamp": "2025-10-17T08:52:39.240Z",
      "asset": "XAUUSD",
      "direction": "CALL",
      "amount": 10,
      "mg_step": 0,
      "result": "WIN",
      "profit": 8,
      "strategy": "Baseline",
      "duration": 1
    },
    {
      "id": "T24rcgzrb",
      "timestamp": "2025-10-17T08:51:39.238Z",
      "asset": "XAUUSD",
      "direction": "PUT",
      "amount": 10,
      "mg_step": 0,
      "result": "LOSE",
      "profit": -10,
      "strategy": "Baseline",
      "duration": 1
    },
    {
      "id": "Tzmoo5jdv",
      "timestamp": "2025-10-17T08:50:39.236Z",
      "asset": "XAUUSD",
      "direction": "CALL",
      "amount": 10,
      "mg_step": 0,
      "result": "WIN",
      "profit": 8,
      "strategy": "Baseline",
      "duration": 1
    },
    {
      "id": "Tl242ndtk",
      "timestamp": "2025-10-17T08:49:39.234Z",
      "asset": "XAUUSD",
      "direction": "PUT",
      "amount": 10,
      "mg_step": 0,
      "result": "WIN",
      "profit": 8,
      "strategy": "Baseline",
      "duration": 1
    },
    {
      "id": "T1dq9kr31",
      "timestamp": "2025-10-17T08:48:39.226Z",
      "asset": "XAUUSD",
      "direction": "CALL",
      "amount": 10,
      "mg_step": 0,
      "result": "WIN",
      "profit": 8,
      "strategy": "Baseline",
      "duration": 1
    },
    {
      "id": "T6i6a7xu9",
      "timestamp": "2025-10-17T08:47:39.224Z",
      "asset": "XAUUSD",
      "direction": "PUT",
      "amount": 10,
      "mg_step": 0,
      "result": "WIN",
      "profit": 8,
      "strategy": "Baseline",
      "duration": 1
    },
    {
      "id": "Tbyz7z8as",
      "timestamp": "2025-10-17T08:46:39.222Z",
      "asset": "XAUUSD",
      "direction": "CALL",
      "amount": 10,
      "mg_step": 0,
      "result": "WIN",
      "profit": 8,
      "strategy": "Baseline",
      "duration": 1
    },
    {
      "id": "Tdbsxoqik",
      "timestamp": "2025-10-17T08:45:39.219Z",
      "asset": "XAUUSD",
      "direction": "CALL",
      "amount": 10,
      "mg_step": 0,
      "result": "WIN",
      "profit": 8,
      "strategy": "Baseline",
      "duration": 1
    },
    {
      "id": "Tt94vbvrm",
      "timestamp": "2025-10-17T08:44:39.218Z",
      "asset": "XAUUSD",
      "direction": "CALL",
      "amount": 10,
      "mg_step": 0,
      "result": "WIN",
      "profit": 8,
      "strategy": "Baseline",
      "duration": 1
    },
    {
      "id": "T52cj7a4h",
      "timestamp": "2025-10-17T08:43:39.213Z",
      "asset": "XAUUSD",
      "direction": "CALL",
      "amount": 10,
      "mg_step": 0,
      "result": "WIN",
      "profit": 8,
      "strategy": "Baseline",
      "duration": 1
    },
    {
      "id": "T2v7470g9",
      "timestamp": "2025-10-17T08:42:39.209Z",
      "asset": "XAUUSD",
      "direction": "PUT",
      "amount": 10,
      "mg_step": 0,
      "result": "WIN",
      "profit": 8,
      "strategy": "Baseline",
      "duration": 1
    },
    {
      "id": "T268pm3ev",
      "timestamp": "2025-10-17T08:41:39.206Z",
      "asset": "XAUUSD",
      "direction": "PUT",
      "amount": 10,
      "mg_step": 0,
      "result": "LOSE",
      "profit": -10,
      "strategy": "Baseline",
      "duration": 1
    },
    {
      "id": "Ts8xqribi",
      "timestamp": "2025-10-17T08:40:39.205Z",
      "asset": "XAUUSD",
      "direction": "PUT",
      "amount": 10,
      "mg_step": 0,
      "result": "EQUAL",
      "profit": 0,
      "strategy": "Baseline",
      "duration": 1
    },
    {
      "id": "T3iyiskbd",
      "timestamp": "2025-10-17T08:39:39.203Z",
      "asset": "XAUUSD",
      "direction": "CALL",
      "amount": 10,
      "mg_step": 0,
      "result": "WIN",
      "profit": 8,
      "strategy": "Baseline",
      "duration": 1
    },
    {
      "id": "Th9lcgrm2",
      "timestamp": "2025-10-17T08:38:39.199Z",
      "asset": "XAUUSD",
      "direction": "CALL",
      "amount": 10,
      "mg_step": 0,
      "result": "WIN",
      "profit": 8,
      "strategy": "Baseline",
      "duration": 1
    },
    {
      "id": "Tao6lghnq",
      "timestamp": "2025-10-17T08:37:39.194Z",
      "asset": "XAUUSD",
      "direction": "PUT",
      "amount": 10,
      "mg_step": 0,
      "result": "WIN",
      "profit": 8,
      "strategy": "Baseline",
      "duration": 1
    },
    {
      "id": "Tw825ws44",
      "timestamp": "2025-10-17T08:36:39.190Z",
      "asset": "XAUUSD",
      "direction": "CALL",
      "amount": 10,
      "mg_step": 0,
      "result": "WIN",
      "profit": 8,
      "strategy": "Baseline",
      "duration": 1
    },
    {
      "id": "Tz0h65qhp",
      "timestamp": "2025-10-17T08:35:39.188Z",
      "asset": "XAUUSD",
      "direction": "CALL",
      "amount": 10,
      "mg_step": 0,
      "result": "LOSE",
      "profit": -10,
      "strategy": "Baseline",
      "duration": 1
    },
    {
      "id": "Tmkasmmzk",
      "timestamp": "2025-10-17T08:34:39.185Z",
      "asset": "XAUUSD",
      "direction": "PUT",
      "amount": 10,
      "mg_step": 0,
      "result": "WIN",
      "profit": 8,
      "strategy": "Baseline",
      "duration": 1
    },
    {
      "id": "T2vr0vnoa",
      "timestamp": "2025-10-17T08:33:39.183Z",
      "asset": "XAUUSD",
      "direction": "CALL",
      "amount": 10,
      "mg_step": 0,
      "result": "WIN",
      "profit": 8,
      "strategy": "Baseline",
      "duration": 1
    },
    {
      "id": "Tfcbxv1l9",
      "timestamp": "2025-10-17T08:32:39.180Z",
      "asset": "XAUUSD",
      "direction": "CALL",
      "amount": 10,
      "mg_step": 0,
      "result": "LOSE",
      "profit": -10,
      "strategy": "Baseline",
      "duration": 1
    },
    {
      "id": "Tnjjashui",
      "timestamp": "2025-10-17T08:31:39.177Z",
      "asset": "XAUUSD",
      "direction": "PUT",
      "amount": 10,
      "mg_step": 0,
      "result": "WIN",
      "profit": 8,
      "strategy": "Baseline",
      "duration": 1
    },
    {
      "id": "Tlyshvib7",
      "timestamp": "2025-10-17T08:30:39.174Z",
      "asset": "XAUUSD",
      "direction": "PUT",
      "amount": 10,
      "mg_step": 0,
      "result": "LOSE",
      "profit": -10,
      "strategy": "Baseline",
      "duration": 1
    },
    {
      "id": "Txark8qgl",
      "timestamp": "2025-10-17T08:29:39.170Z",
      "asset": "XAUUSD",
      "direction": "PUT",
      "amount": 10,
      "mg_step": 0,
      "result": "WIN",
      "profit": 8,
      "strategy": "Baseline",
      "duration": 1
    },
    {
      "id": "Tl3dmkcx0",
      "timestamp": "2025-10-17T08:28:39.161Z",
      "asset": "XAUUSD",
      "direction": "PUT",
      "amount": 10,
      "mg_step": 0,
      "result": "LOSE",
      "profit": -10,
      "strategy": "Baseline",
      "duration": 1
    },
    {
      "id": "Tnos1azar",
      "timestamp": "2025-10-17T08:27:39.156Z",
      "asset": "XAUUSD",
      "direction": "CALL",
      "amount": 10,
      "mg_step": 0,
      "result": "LOSE",
      "profit": -10,
      "strategy": "Baseline",
      "duration": 1
    },
    {
      "id": "Tg254zcpc",
      "timestamp": "2025-10-17T08:26:39.154Z",
      "asset": "XAUUSD",
      "direction": "PUT",
      "amount": 10,
      "mg_step": 0,
      "result": "LOSE",
      "profit": -10,
      "strategy": "Baseline",
      "duration": 1
    },
    {
      "id": "Ttpqn7qg9",
      "timestamp": "2025-10-17T08:25:39.150Z",
      "asset": "XAUUSD",
      "direction": "PUT",
      "amount": 10,
      "mg_step": 0,
      "result": "WIN",
      "profit": 8,
      "strategy": "Baseline",
      "duration": 1
    },
    {
      "id": "Tsi469r0a",
      "timestamp": "2025-10-17T08:24:39.147Z",
      "asset": "XAUUSD",
      "direction": "PUT",
      "amount": 10,
      "mg_step": 0,
      "result": "LOSE",
      "profit": -10,
      "strategy": "Baseline",
      "duration": 1
    },
    {
      "id": "Tfnceokgt",
      "timestamp": "2025-10-17T08:23:39.142Z",
      "asset": "XAUUSD",
      "direction": "CALL",
      "amount": 10,
      "mg_step": 0,
      "result": "LOSE",
      "profit": -10,
      "strategy": "Baseline",
      "duration": 1
    },
    {
      "id": "T5dfb9ndp",
      "timestamp": "2025-10-17T08:22:39.139Z",
      "asset": "XAUUSD",
      "direction": "CALL",
      "amount": 10,
      "mg_step": 0,
      "result": "LOSE",
      "profit": -10,
      "strategy": "Baseline",
      "duration": 1
    },
    {
      "id": "Tw4894z2w",
      "timestamp": "2025-10-17T08:21:39.135Z",
      "asset": "XAUUSD",
      "direction": "PUT",
      "amount": 10,
      "mg_step": 0,
      "result": "WIN",
      "profit": 8,
      "strategy": "Baseline",
      "duration": 1
    },
    {
      "id": "T23rkvcr5",
      "timestamp": "2025-10-17T08:20:39.130Z",
      "asset": "XAUUSD",
      "direction": "PUT",
      "amount": 10,
      "mg_step": 0,
      "result": "LOSE",
      "profit": -10,
      "strategy": "Baseline",
      "duration": 1
    },
    {
      "id": "T4leborh3",
      "timestamp": "2025-10-17T08:19:39.127Z",
      "asset": "XAUUSD",
      "direction": "PUT",
      "amount": 10,
      "mg_step": 0,
      "result": "WIN",
      "profit": 8,
      "strategy": "Baseline",
      "duration": 1
    },
    {
      "id": "T61m19zl7",
      "timestamp": "2025-10-17T08:18:39.121Z",
      "asset": "XAUUSD",
      "direction": "CALL",
      "amount": 10,
      "mg_step": 0,
      "result": "LOSE",
      "profit": -10,
      "strategy": "Baseline",
      "duration": 1
    },
    {
      "id": "Tjqdnuzlr",
      "timestamp": "2025-10-17T08:17:39.119Z",
      "asset": "XAUUSD",
      "direction": "PUT",
      "amount": 10,
      "mg_step": 0,
      "result": "LOSE",
      "profit": -10,
      "strategy": "Baseline",
      "duration": 1
    },
    {
      "id": "T6077zj2k",
      "timestamp": "2025-10-17T08:16:39.115Z",
      "asset": "XAUUSD",
      "direction": "CALL",
      "amount": 10,
      "mg_step": 0,
      "result": "LOSE",
      "profit": -10,
      "strategy": "Baseline",
      "duration": 1
    },
    {
      "id": "Tr18jm0vo",
      "timestamp": "2025-10-17T08:15:39.113Z",
      "asset": "XAUUSD",
      "direction": "PUT",
      "amount": 10,
      "mg_step": 0,
      "result": "LOSE",
      "profit": -10,
      "strategy": "Baseline",
      "duration": 1
    },
    {
      "id": "T52lr1dxi",
      "timestamp": "2025-10-17T08:14:39.112Z",
      "asset": "XAUUSD",
      "direction": "CALL",
      "amount": 10,
      "mg_step": 0,
      "result": "LOSE",
      "profit": -10,
      "strategy": "Baseline",
      "duration": 1
    },
    {
      "id": "Tk6dyox89",
      "timestamp": "2025-10-17T08:13:39.110Z",
      "asset": "XAUUSD",
      "direction": "PUT",
      "amount": 10,
      "mg_step": 0,
      "result": "LOSE",
      "profit": -10,
      "strategy": "Baseline",
      "duration": 1
    },
    {
      "id": "Tpico93i8",
      "timestamp": "2025-10-17T08:12:39.108Z",
      "asset": "XAUUSD",
      "direction": "CALL",
      "amount": 10,
      "mg_step": 0,
      "result": "WIN",
      "profit": 8,
      "strategy": "Baseline",
      "duration": 1
    },
    {
      "id": "Towljz005",
      "timestamp": "2025-10-17T08:11:39.107Z",
      "asset": "XAUUSD",
      "direction": "CALL",
      "amount": 10,
      "mg_step": 0,
      "result": "WIN",
      "profit": 8,
      "strategy": "Baseline",
      "duration": 1
    },
    {
      "id": "T2991f29g",
      "timestamp": "2025-10-17T08:10:39.103Z",
      "asset": "XAUUSD",
      "direction": "PUT",
      "amount": 10,
      "mg_step": 0,
      "result": "WIN",
      "profit": 8,
      "strategy": "Baseline",
      "duration": 1
    },
    {
      "id": "Twvwow27s",
      "timestamp": "2025-10-17T08:09:39.101Z",
      "asset": "XAUUSD",
      "direction": "PUT",
      "amount": 10,
      "mg_step": 0,
      "result": "LOSE",
      "profit": -10,
      "strategy": "Baseline",
      "duration": 1
    },
    {
      "id": "Tufwqjmjh",
      "timestamp": "2025-10-17T08:08:39.094Z",
      "asset": "XAUUSD",
      "direction": "CALL",
      "amount": 10,
      "mg_step": 0,
      "result": "LOSE",
      "profit": -10,
      "strategy": "Baseline",
      "duration": 1
    },
    {
      "id": "Txjwk9p6d",
      "timestamp": "2025-10-17T08:07:39.078Z",
      "asset": "XAUUSD",
      "direction": "PUT",
      "amount": 10,
      "mg_step": 0,
      "result": "WIN",
      "profit": 8,
      "strategy": "Baseline",
      "duration": 1
    },
    {
      "id": "Tf4cxgdz4",
      "timestamp": "2025-10-17T08:06:39.068Z",
      "asset": "XAUUSD",
      "direction": "CALL",
      "amount": 10,
      "mg_step": 0,
      "result": "LOSE",
      "profit": -10,
      "strategy": "Baseline",
      "duration": 1
    },
    {
      "id": "Twzzi45tu",
      "timestamp": "2025-10-17T08:05:39.067Z",
      "asset": "XAUUSD",
      "direction": "CALL",
      "amount": 10,
      "mg_step": 0,
      "result": "WIN",
      "profit": 8,
      "strategy": "Baseline",
      "duration": 1
    },
    {
      "id": "Trnlgptbe",
      "timestamp": "2025-10-17T08:04:39.062Z",
      "asset": "XAUUSD",
      "direction": "PUT",
      "amount": 10,
      "mg_step": 0,
      "result": "WIN",
      "profit": 8,
      "strategy": "Baseline",
      "duration": 1
    },
    {
      "id": "Tasntwey5",
      "timestamp": "2025-10-17T08:03:39.047Z",
      "asset": "XAUUSD",
      "direction": "CALL",
      "amount": 10,
      "mg_step": 0,
      "result": "WIN",
      "profit": 8,
      "strategy": "Baseline",
      "duration": 1
    },
    {
      "id": "Tv20sl59u",
      "timestamp": "2025-10-17T08:02:39.030Z",
      "asset": "XAUUSD",
      "direction": "CALL",
      "amount": 10,
      "mg_step": 0,
      "result": "WIN",
      "profit": 8,
      "strategy": "Baseline",
      "duration": 1
    },
    {
      "id": "T1c2a2vpu",
      "timestamp": "2025-10-17T08:01:39.029Z",
      "asset": "XAUUSD",
      "direction": "PUT",
      "amount": 10,
      "mg_step": 0,
      "result": "LOSE",
      "profit": -10,
      "strategy": "Baseline",
      "duration": 1
    },
    {
      "id": "Tor7dg87z",
      "timestamp": "2025-10-17T08:00:39.025Z",
      "asset": "XAUUSD",
      "direction": "PUT",
      "amount": 10,
      "mg_step": 0,
      "result": "EQUAL",
      "profit": 0,
      "strategy": "Baseline",
      "duration": 1
    },
    {
      "id": "Tuj8z4u00",
      "timestamp": "2025-10-17T07:59:39.021Z",
      "asset": "XAUUSD",
      "direction": "CALL",
      "amount": 10,
      "mg_step": 0,
      "result": "LOSE",
      "profit": -10,
      "strategy": "Baseline",
      "duration": 1
    },
    {
      "id": "Th16od0ui",
      "timestamp": "2025-10-17T07:58:39.019Z",
      "asset": "XAUUSD",
      "direction": "CALL",
      "amount": 10,
      "mg_step": 0,
      "result": "EQUAL",
      "profit": 0,
      "strategy": "Baseline",
      "duration": 1
    },
    {
      "id": "T0anh53t1",
      "timestamp": "2025-10-17T07:57:39.017Z",
      "asset": "XAUUSD",
      "direction": "CALL",
      "amount": 10,
      "mg_step": 0,
      "result": "WIN",
      "profit": 8,
      "strategy": "Baseline",
      "duration": 1
    },
    {
      "id": "Ts1xgyk0u",
      "timestamp": "2025-10-17T07:56:39.009Z",
      "asset": "XAUUSD",
      "direction": "CALL",
      "amount": 10,
      "mg_step": 0,
      "result": "WIN",
      "profit": 8,
      "strategy": "Baseline",
      "duration": 1
    },
    {
      "id": "Tavg81djj",
      "timestamp": "2025-10-17T07:55:39.001Z",
      "asset": "XAUUSD",
      "direction": "PUT",
      "amount": 10,
      "mg_step": 0,
      "result": "LOSE",
      "profit": -10,
      "strategy": "Baseline",
      "duration": 1
    },
    {
      "id": "Tlzikhtro",
      "timestamp": "2025-10-17T07:54:38.996Z",
      "asset": "XAUUSD",
      "direction": "CALL",
      "amount": 10,
      "mg_step": 0,
      "result": "WIN",
      "profit": 8,
      "strategy": "Baseline",
      "duration": 1
    },
    {
      "id": "Tgyf5546a",
      "timestamp": "2025-10-17T07:53:38.991Z",
      "asset": "XAUUSD",
      "direction": "CALL",
      "amount": 10,
      "mg_step": 0,
      "result": "LOSE",
      "profit": -10,
      "strategy": "Baseline",
      "duration": 1
    },
    {
      "id": "T1h8wi1fy",
      "timestamp": "2025-10-17T07:52:38.982Z",
      "asset": "XAUUSD",
      "direction": "PUT",
      "amount": 10,
      "mg_step": 0,
      "result": "LOSE",
      "profit": -10,
      "strategy": "Baseline",
      "duration": 1
    },
    {
      "id": "T2gon5g43",
      "timestamp": "2025-10-17T07:51:23.437Z",
      "asset": "XAUUSD",
      "direction": "CALL",
      "amount": 10,
      "mg_step": 0,
      "result": "PENDING",
      "profit": 0,
      "strategy": "Baseline",
      "duration": 1
    },
    {
      "id": "Tjnewybdv",
      "timestamp": "2025-10-17T07:50:23.435Z",
      "asset": "XAUUSD",
      "direction": "CALL",
      "amount": 10,
      "mg_step": 0,
      "result": "EQUAL",
      "profit": 0,
      "strategy": "Baseline",
      "duration": 1
    },
    {
      "id": "Thdpll6mi",
      "timestamp": "2025-10-17T07:49:23.429Z",
      "asset": "XAUUSD",
      "direction": "PUT",
      "amount": 10,
      "mg_step": 0,
      "result": "LOSE",
      "profit": -10,
      "strategy": "Baseline",
      "duration": 1
    },
    {
      "id": "T10v5z0ze",
      "timestamp": "2025-10-17T07:48:23.426Z",
      "asset": "XAUUSD",
      "direction": "PUT",
      "amount": 10,
      "mg_step": 0,
      "result": "LOSE",
      "profit": -10,
      "strategy": "Baseline",
      "duration": 1
    },
    {
      "id": "Tq90hopu9",
      "timestamp": "2025-10-17T07:47:23.421Z",
      "asset": "XAUUSD",
      "direction": "CALL",
      "amount": 10,
      "mg_step": 0,
      "result": "WIN",
      "profit": 8,
      "strategy": "Baseline",
      "duration": 1
    },
    {
      "id": "T2vi15g84",
      "timestamp": "2025-10-17T07:46:23.420Z",
      "asset": "XAUUSD",
      "direction": "CALL",
      "amount": 10,
      "mg_step": 0,
      "result": "WIN",
      "profit": 8,
      "strategy": "Baseline",
      "duration": 1
    },
    {
      "id": "Tfzgn1xo9",
      "timestamp": "2025-10-17T07:45:23.419Z",
      "asset": "XAUUSD",
      "direction": "CALL",
      "amount": 10,
      "mg_step": 0,
      "result": "LOSE",
      "profit": -10,
      "strategy": "Baseline",
      "duration": 1
    },
    {
      "id": "T08ubhe97",
      "timestamp": "2025-10-17T07:44:23.416Z",
      "asset": "XAUUSD",
      "direction": "PUT",
      "amount": 10,
      "mg_step": 0,
      "result": "LOSE",
      "profit": -10,
      "strategy": "Baseline",
      "duration": 1
    },
    {
      "id": "Tctvg0v22",
      "timestamp": "2025-10-17T07:43:23.414Z",
      "asset": "XAUUSD",
      "direction": "CALL",
      "amount": 10,
      "mg_step": 0,
      "result": "EQUAL",
      "profit": 0,
      "strategy": "Baseline",
      "duration": 1
    },
    {
      "id": "T0yr91nev",
      "timestamp": "2025-10-17T07:42:23.413Z",
      "asset": "XAUUSD",
      "direction": "CALL",
      "amount": 10,
      "mg_step": 0,
      "result": "LOSE",
      "profit": -10,
      "strategy": "Baseline",
      "duration": 1
    },
    {
      "id": "Thdt4c57o",
      "timestamp": "2025-10-17T07:41:23.410Z",
      "asset": "XAUUSD",
      "direction": "CALL",
      "amount": 10,
      "mg_step": 0,
      "result": "LOSE",
      "profit": -10,
      "strategy": "Baseline",
      "duration": 1
    },
    {
      "id": "Tmwxgmuph",
      "timestamp": "2025-10-17T07:40:23.409Z",
      "asset": "XAUUSD",
      "direction": "CALL",
      "amount": 10,
      "mg_step": 0,
      "result": "LOSE",
      "profit": -10,
      "strategy": "Baseline",
      "duration": 1
    },
    {
      "id": "Tuwy0zq8o",
      "timestamp": "2025-10-17T07:39:23.406Z",
      "asset": "XAUUSD",
      "direction": "PUT",
      "amount": 10,
      "mg_step": 0,
      "result": "LOSE",
      "profit": -10,
      "strategy": "Baseline",
      "duration": 1
    },
    {
      "id": "Tz29l2eyt",
      "timestamp": "2025-10-17T07:38:23.402Z",
      "asset": "XAUUSD",
      "direction": "PUT",
      "amount": 10,
      "mg_step": 0,
      "result": "EQUAL",
      "profit": 0,
      "strategy": "Baseline",
      "duration": 1
    },
    {
      "id": "Tycsi1rgl",
      "timestamp": "2025-10-17T07:37:23.398Z",
      "asset": "XAUUSD",
      "direction": "PUT",
      "amount": 10,
      "mg_step": 0,
      "result": "LOSE",
      "profit": -10,
      "strategy": "Baseline",
      "duration": 1
    },
    {
      "id": "Ty5w61d0w",
      "timestamp": "2025-10-17T07:36:23.386Z",
      "asset": "XAUUSD",
      "direction": "CALL",
      "amount": 10,
      "mg_step": 0,
      "result": "LOSE",
      "profit": -10,
      "strategy": "Baseline",
      "duration": 1
    },
    {
      "id": "Ti8mc4oxu",
      "timestamp": "2025-10-17T07:35:23.384Z",
      "asset": "XAUUSD",
      "direction": "PUT",
      "amount": 10,
      "mg_step": 0,
      "result": "WIN",
      "profit": 8,
      "strategy": "Baseline",
      "duration": 1
    },
    {
      "id": "Toh3eo6lq",
      "timestamp": "2025-10-17T07:34:23.380Z",
      "asset": "XAUUSD",
      "direction": "CALL",
      "amount": 10,
      "mg_step": 0,
      "result": "WIN",
      "profit": 8,
      "strategy": "Baseline",
      "duration": 1
    },
    {
      "id": "Taxlwdl2q",
      "timestamp": "2025-10-17T07:33:23.376Z",
      "asset": "XAUUSD",
      "direction": "PUT",
      "amount": 10,
      "mg_step": 0,
      "result": "WIN",
      "profit": 8,
      "strategy": "Baseline",
      "duration": 1
    },
    {
      "id": "Tqw8204ft",
      "timestamp": "2025-10-17T07:32:23.371Z",
      "asset": "XAUUSD",
      "direction": "PUT",
      "amount": 10,
      "mg_step": 0,
      "result": "WIN",
      "profit": 8,
      "strategy": "Baseline",
      "duration": 1
    },
    {
      "id": "Tt5ogxgam",
      "timestamp": "2025-10-17T07:31:23.368Z",
      "asset": "XAUUSD",
      "direction": "CALL",
      "amount": 10,
      "mg_step": 0,
      "result": "LOSE",
      "profit": -10,
      "strategy": "Baseline",
      "duration": 1
    },
    {
      "id": "T77sk9388",
      "timestamp": "2025-10-17T07:30:23.364Z",
      "asset": "XAUUSD",
      "direction": "CALL",
      "amount": 10,
      "mg_step": 0,
      "result": "LOSE",
      "profit": -10,
      "strategy": "Baseline",
      "duration": 1
    },
    {
      "id": "Tu2vnboc9",
      "timestamp": "2025-10-17T07:29:23.360Z",
      "asset": "XAUUSD",
      "direction": "CALL",
      "amount": 10,
      "mg_step": 0,
      "result": "WIN",
      "profit": 8,
      "strategy": "Baseline",
      "duration": 1
    },
    {
      "id": "Tv1vlgfm3",
      "timestamp": "2025-10-17T07:28:23.356Z",
      "asset": "XAUUSD",
      "direction": "PUT",
      "amount": 10,
      "mg_step": 0,
      "result": "WIN",
      "profit": 8,
      "strategy": "Baseline",
      "duration": 1
    },
    {
      "id": "T1it27cd7",
      "timestamp": "2025-10-17T07:27:23.350Z",
      "asset": "XAUUSD",
      "direction": "PUT",
      "amount": 10,
      "mg_step": 0,
      "result": "WIN",
      "profit": 8,
      "strategy": "Baseline",
      "duration": 1
    },
    {
      "id": "Tzuo6z74h",
      "timestamp": "2025-10-17T07:26:23.346Z",
      "asset": "XAUUSD",
      "direction": "CALL",
      "amount": 10,
      "mg_step": 0,
      "result": "WIN",
      "profit": 8,
      "strategy": "Baseline",
      "duration": 1
    },
    {
      "id": "T28ag7je6",
      "timestamp": "2025-10-17T07:25:23.342Z",
      "asset": "XAUUSD",
      "direction": "CALL",
      "amount": 10,
      "mg_step": 0,
      "result": "WIN",
      "profit": 8,
      "strategy": "Baseline",
      "duration": 1
    },
    {
      "id": "Tg096560q",
      "timestamp": "2025-10-17T07:24:23.339Z",
      "asset": "XAUUSD",
      "direction": "CALL",
      "amount": 10,
      "mg_step": 0,
      "result": "LOSE",
      "profit": -10,
      "strategy": "Baseline",
      "duration": 1
    },
    {
      "id": "Tb0o7jrot",
      "timestamp": "2025-10-17T07:23:23.337Z",
      "asset": "XAUUSD",
      "direction": "CALL",
      "amount": 10,
      "mg_step": 0,
      "result": "LOSE",
      "profit": -10,
      "strategy": "Baseline",
      "duration": 1
    },
    {
      "id": "Tme1zue0c",
      "timestamp": "2025-10-17T07:22:23.334Z",
      "asset": "XAUUSD",
      "direction": "PUT",
      "amount": 10,
      "mg_step": 0,
      "result": "WIN",
      "profit": 8,
      "strategy": "Baseline",
      "duration": 1
    },
    {
      "id": "Tfmlnfd9v",
      "timestamp": "2025-10-17T07:21:23.328Z",
      "asset": "XAUUSD",
      "direction": "CALL",
      "amount": 10,
      "mg_step": 0,
      "result": "WIN",
      "profit": 8,
      "strategy": "Baseline",
      "duration": 1
    },
    {
      "id": "Tffcynlg5",
      "timestamp": "2025-10-17T07:20:23.324Z",
      "asset": "XAUUSD",
      "direction": "PUT",
      "amount": 10,
      "mg_step": 0,
      "result": "LOSE",
      "profit": -10,
      "strategy": "Baseline",
      "duration": 1
    },
    {
      "id": "Tuc489qeq",
      "timestamp": "2025-10-17T07:19:23.322Z",
      "asset": "XAUUSD",
      "direction": "CALL",
      "amount": 10,
      "mg_step": 0,
      "result": "WIN",
      "profit": 8,
      "strategy": "Baseline",
      "duration": 1
    },
    {
      "id": "Tt6pyh0hq",
      "timestamp": "2025-10-17T07:18:23.320Z",
      "asset": "XAUUSD",
      "direction": "CALL",
      "amount": 10,
      "mg_step": 0,
      "result": "WIN",
      "profit": 8,
      "strategy": "Baseline",
      "duration": 1
    },
    {
      "id": "T5qdk24wa",
      "timestamp": "2025-10-17T07:17:23.317Z",
      "asset": "XAUUSD",
      "direction": "PUT",
      "amount": 10,
      "mg_step": 0,
      "result": "WIN",
      "profit": 8,
      "strategy": "Baseline",
      "duration": 1
    },
    {
      "id": "T62ie4ecw",
      "timestamp": "2025-10-17T07:16:23.311Z",
      "asset": "XAUUSD",
      "direction": "PUT",
      "amount": 10,
      "mg_step": 0,
      "result": "WIN",
      "profit": 8,
      "strategy": "Baseline",
      "duration": 1
    },
    {
      "id": "Td0hrcvof",
      "timestamp": "2025-10-17T07:15:23.307Z",
      "asset": "XAUUSD",
      "direction": "CALL",
      "amount": 10,
      "mg_step": 0,
      "result": "EQUAL",
      "profit": 0,
      "strategy": "Baseline",
      "duration": 1
    },
    {
      "id": "Tshng5ive",
      "timestamp": "2025-10-17T07:14:23.304Z",
      "asset": "XAUUSD",
      "direction": "PUT",
      "amount": 10,
      "mg_step": 0,
      "result": "LOSE",
      "profit": -10,
      "strategy": "Baseline",
      "duration": 1
    },
    {
      "id": "Tvls0fo1d",
      "timestamp": "2025-10-17T07:13:23.302Z",
      "asset": "XAUUSD",
      "direction": "CALL",
      "amount": 10,
      "mg_step": 0,
      "result": "LOSE",
      "profit": -10,
      "strategy": "Baseline",
      "duration": 1
    },
    {
      "id": "Tb49uss8r",
      "timestamp": "2025-10-17T07:12:23.299Z",
      "asset": "XAUUSD",
      "direction": "CALL",
      "amount": 10,
      "mg_step": 0,
      "result": "WIN",
      "profit": 8,
      "strategy": "Baseline",
      "duration": 1
    },
    {
      "id": "Tigtzem57",
      "timestamp": "2025-10-17T07:11:23.298Z",
      "asset": "XAUUSD",
      "direction": "PUT",
      "amount": 10,
      "mg_step": 0,
      "result": "WIN",
      "profit": 8,
      "strategy": "Baseline",
      "duration": 1
    },
    {
      "id": "T5awywsxy",
      "timestamp": "2025-10-17T07:10:23.296Z",
      "asset": "XAUUSD",
      "direction": "CALL",
      "amount": 10,
      "mg_step": 0,
      "result": "LOSE",
      "profit": -10,
      "strategy": "Baseline",
      "duration": 1
    },
    {
      "id": "T7hmgum6r",
      "timestamp": "2025-10-17T07:09:23.293Z",
      "asset": "XAUUSD",
      "direction": "PUT",
      "amount": 10,
      "mg_step": 0,
      "result": "EQUAL",
      "profit": 0,
      "strategy": "Baseline",
      "duration": 1
    },
    {
      "id": "Temqdzfqx",
      "timestamp": "2025-10-17T07:08:23.291Z",
      "asset": "XAUUSD",
      "direction": "CALL",
      "amount": 10,
      "mg_step": 0,
      "result": "LOSE",
      "profit": -10,
      "strategy": "Baseline",
      "duration": 1
    },
    {
      "id": "T1jgwk0cz",
      "timestamp": "2025-10-17T07:07:23.288Z",
      "asset": "XAUUSD",
      "direction": "PUT",
      "amount": 10,
      "mg_step": 0,
      "result": "LOSE",
      "profit": -10,
      "strategy": "Baseline",
      "duration": 1
    },
    {
      "id": "Tj4ptl4uh",
      "timestamp": "2025-10-17T07:06:23.283Z",
      "asset": "XAUUSD",
      "direction": "PUT",
      "amount": 10,
      "mg_step": 0,
      "result": "WIN",
      "profit": 8,
      "strategy": "Baseline",
      "duration": 1
    },
    {
      "id": "T7jo2a7yi",
      "timestamp": "2025-10-17T07:05:23.277Z",
      "asset": "XAUUSD",
      "direction": "CALL",
      "amount": 10,
      "mg_step": 0,
      "result": "WIN",
      "profit": 8,
      "strategy": "Baseline",
      "duration": 1
    },
    {
      "id": "Trb3ocar4",
      "timestamp": "2025-10-17T07:04:23.270Z",
      "asset": "XAUUSD",
      "direction": "CALL",
      "amount": 10,
      "mg_step": 0,
      "result": "LOSE",
      "profit": -10,
      "strategy": "Baseline",
      "duration": 1
    },
    {
      "id": "T13l213xh",
      "timestamp": "2025-10-17T07:03:23.266Z",
      "asset": "XAUUSD",
      "direction": "CALL",
      "amount": 10,
      "mg_step": 0,
      "result": "LOSE",
      "profit": -10,
      "strategy": "Baseline",
      "duration": 1
    },
    {
      "id": "Tqwqyj6gz",
      "timestamp": "2025-10-17T07:02:23.261Z",
      "asset": "XAUUSD",
      "direction": "PUT",
      "amount": 10,
      "mg_step": 0,
      "result": "LOSE",
      "profit": -10,
      "strategy": "Baseline",
      "duration": 1
    },
    {
      "id": "Tawqnygwp",
      "timestamp": "2025-10-17T07:01:23.247Z",
      "asset": "XAUUSD",
      "direction": "CALL",
      "amount": 10,
      "mg_step": 0,
      "result": "WIN",
      "profit": 8,
      "strategy": "Baseline",
      "duration": 1
    },
    {
      "id": "T37z53bbd",
      "timestamp": "2025-10-17T07:00:23.242Z",
      "asset": "XAUUSD",
      "direction": "CALL",
      "amount": 10,
      "mg_step": 0,
      "result": "WIN",
      "profit": 8,
      "strategy": "Baseline",
      "duration": 1
    },
    {
      "id": "Trxy09iw0",
      "timestamp": "2025-10-17T06:59:23.238Z",
      "asset": "XAUUSD",
      "direction": "PUT",
      "amount": 10,
      "mg_step": 0,
      "result": "WIN",
      "profit": 8,
      "strategy": "Baseline",
      "duration": 1
    },
    {
      "id": "T8d9qaa0k",
      "timestamp": "2025-10-17T06:58:23.235Z",
      "asset": "XAUUSD",
      "direction": "CALL",
      "amount": 10,
      "mg_step": 0,
      "result": "EQUAL",
      "profit": 0,
      "strategy": "Baseline",
      "duration": 1
    },
    {
      "id": "Tqugfrxtw",
      "timestamp": "2025-10-17T06:57:23.232Z",
      "asset": "XAUUSD",
      "direction": "PUT",
      "amount": 10,
      "mg_step": 0,
      "result": "LOSE",
      "profit": -10,
      "strategy": "Baseline",
      "duration": 1
    },
    {
      "id": "Tf0a69nub",
      "timestamp": "2025-10-17T06:56:23.229Z",
      "asset": "XAUUSD",
      "direction": "CALL",
      "amount": 10,
      "mg_step": 0,
      "result": "WIN",
      "profit": 8,
      "strategy": "Baseline",
      "duration": 1
    },
    {
      "id": "Tn1h27aw4",
      "timestamp": "2025-10-17T06:55:23.226Z",
      "asset": "XAUUSD",
      "direction": "PUT",
      "amount": 10,
      "mg_step": 0,
      "result": "WIN",
      "profit": 8,
      "strategy": "Baseline",
      "duration": 1
    },
    {
      "id": "Tjjdxilm1",
      "timestamp": "2025-10-17T06:54:23.223Z",
      "asset": "XAUUSD",
      "direction": "PUT",
      "amount": 10,
      "mg_step": 0,
      "result": "LOSE",
      "profit": -10,
      "strategy": "Baseline",
      "duration": 1
    },
    {
      "id": "Tkco48l30",
      "timestamp": "2025-10-17T06:53:23.219Z",
      "asset": "XAUUSD",
      "direction": "PUT",
      "amount": 10,
      "mg_step": 0,
      "result": "LOSE",
      "profit": -10,
      "strategy": "Baseline",
      "duration": 1
    },
    {
      "id": "T4h4icxib",
      "timestamp": "2025-10-17T06:52:23.215Z",
      "asset": "XAUUSD",
      "direction": "PUT",
      "amount": 10,
      "mg_step": 0,
      "result": "LOSE",
      "profit": -10,
      "strategy": "Baseline",
      "duration": 1
    },
    {
      "id": "Tj5g4xyeu",
      "timestamp": "2025-10-17T06:51:23.213Z",
      "asset": "XAUUSD",
      "direction": "CALL",
      "amount": 10,
      "mg_step": 0,
      "result": "WIN",
      "profit": 8,
      "strategy": "Baseline",
      "duration": 1
    },
    {
      "id": "T7l77q8vi",
      "timestamp": "2025-10-17T06:50:23.203Z",
      "asset": "XAUUSD",
      "direction": "CALL",
      "amount": 10,
      "mg_step": 0,
      "result": "LOSE",
      "profit": -10,
      "strategy": "Baseline",
      "duration": 1
    },
    {
      "id": "Tz8d7i5ux",
      "timestamp": "2025-10-17T06:49:23.201Z",
      "asset": "XAUUSD",
      "direction": "CALL",
      "amount": 10,
      "mg_step": 0,
      "result": "LOSE",
      "profit": -10,
      "strategy": "Baseline",
      "duration": 1
    },
    {
      "id": "Tlbytuv2k",
      "timestamp": "2025-10-17T06:48:23.199Z",
      "asset": "XAUUSD",
      "direction": "CALL",
      "amount": 10,
      "mg_step": 0,
      "result": "WIN",
      "profit": 8,
      "strategy": "Baseline",
      "duration": 1
    },
    {
      "id": "Tmh87h4ov",
      "timestamp": "2025-10-17T06:47:23.194Z",
      "asset": "XAUUSD",
      "direction": "CALL",
      "amount": 10,
      "mg_step": 0,
      "result": "WIN",
      "profit": 8,
      "strategy": "Baseline",
      "duration": 1
    }
  ],
  "EQUITY_BASE": 1000,
  "EQUITY": 996,
  "CONFIG": {
    "seed": 1234,
    "amount_mode": "fixed",
    "amount_fixed": 10,
    "amount_percent": 1,
    "max_concurrent_pending": 99,
    "mg_steps": 0,
    "mg_multiplier": 2,
    "mg_cap": 0,
    "asset_cycle": [
      "XAUUSD"
    ],
    "duration": 1,
    "interval_ms": 60000,
    "strategy": "Baseline",
    "indicators": {
      "minScore": 0,
      "ma": {
        "enable": false
      },
      "macd": {
        "enable": false
      },
      "rsi": {
        "enable": false
      },
      "stoch": {
        "enable": false
      },
      "bb": {
        "enable": false
      },
      "atr": {
        "enable": false
      },
      "obv": {
        "enable": false
      },
      "ichi": {
        "enable": false
      }
    },
    "simulate_prices": true,
    "daily_stop_loss": null,
    "daily_take_profit": null,
    "rsi_period": 14,
    "ema_fast": 12,
    "ema_slow": 26,
    "bb_period": 20,
    "bb_mult": 2,
    "use_ema_filter": true,
    "indicator_params": {
      "rsiPeriod": 14,
      "emaFast": 12,
      "emaSlow": 26,
      "bbPeriod": 20,
      "bbStdDev": 2,
      "rsiBuy": 30,
      "rsiSell": 70
    },
    "bb_std": 2,
    "equity_base": 1000,
    "assets_csv": "XAUUSD,EURUSD",
    "conn": {
      "email": "pipatponensri443@gmail.com",
      "password": "********",
      "accountType": "PRACTICE"
    },
    "cfg": {
      "orderDuration": "1 Minute",
      "amount": 10,
      "internalMs": 60000,
      "assetsCsv": "XAUUSD,EURUSD",
      "strategy": "Baseline",
      "baseEquityInput": 1000
    }
  },
  "DAILY_PNL": -4,
  "ENGINE": {
    "running": false,
    "paused": false
  }
}