[
  {
    "id": 31,
    "ts": 1760005591395,
    "symbol": "EURUSD",
    "side": "BUY",
    "size": 1,
    "reqPrice": 1.1,
    "fillPrice": 1.1,
    "result": "LOSE",
    "pnl": -1,
    "mgStep": 3,
    "strategy": "AI Model (1m)"
  },
  {
    "id": 30,
    "ts": 1760005585463,
    "symbol": "EURUSD",
    "side": "SELL",
    "size": 1,
    "reqPrice": 1.1,
    "fillPrice": 1.1,
    "result": "LOSE",
    "pnl": -1,
    "mgStep": 2,
    "strategy": "AI Model (1m)"
  },
  {
    "id": 29,
    "ts": 1760005577368,
    "symbol": "EURUSD",
    "side": "SELL",
    "size": 1,
    "reqPrice": 1.1,
    "fillPrice": 1.1,
    "result": "LOSE",
    "pnl": -1,
    "mgStep": 2,
    "strategy": "AI Model (1m)"
  },
  {
    "id": 28,
    "ts": 1760005569308,
    "symbol": "EURUSD",
    "side": "BUY",
    "size": 1,
    "reqPrice": 1.1,
    "fillPrice": 1.1,
    "result": "LOSE",
    "pnl": -1,
    "mgStep": 2,
    "strategy": "AI Model (1m)"
  },
  {
    "id": 27,
    "ts": 1759998808201,
    "symbol": "EURUSD",
    "side": "SELL",
    "size": 1,
    "reqPrice": 1.1,
    "fillPrice": 1.1,
    "result": "DRAW",
    "pnl": 0,
    "mgStep": 4,
    "strategy": "AI Model (1m)"
  },
  {
    "id": 26,
    "ts": 1759998800218,
    "symbol": "EURUSD",
    "side": "BUY",
    "size": 1,
    "reqPrice": 1.1,
    "fillPrice": 1.1,
    "result": "WIN",
    "pnl": 0.87,
    "mgStep": 3,
    "strategy": "AI Model (1m)"
  },
  {
    "id": 25,
    "ts": 1759998794293,
    "symbol": "EURUSD",
    "side": "BUY",
    "size": 1,
    "reqPrice": 1.1,
    "fillPrice": 1.1,
    "result": "LOSE",
    "pnl": -1,
    "mgStep": 1,
    "strategy": "AI Model (1m)"
  },
  {
    "id": 24,
    "ts": 1759996617400,
    "symbol": "EURUSD",
    "side": "BUY",
    "size": 1,
    "reqPrice": 1.1,
    "fillPrice": 1.1,
    "result": "LOSE",
    "pnl": -1,
    "mgStep": 4,
    "strategy": "AI Model (1m)"
  },
  {
    "id": 23,
    "ts": 1759996609161,
    "symbol": "EURUSD",
    "side": "BUY",
    "size": 1,
    "reqPrice": 1.1,
    "fillPrice": 1.1,
    "result": "WIN",
    "pnl": 0.87,
    "mgStep": 2,
    "strategy": "AI Model (1m)"
  },
  {
    "id": 22,
    "ts": 1759996603108,
    "symbol": "EURUSD",
    "side": "BUY",
    "size": 1,
    "reqPrice": 1.1,
    "fillPrice": 1.1,
    "result": "DRAW",
    "pnl": 0,
    "mgStep": 4,
    "strategy": "AI Model (1m)"
  },
  {
    "id": 21,
    "ts": 1759996596432,
    "symbol": "EURUSD",
    "side": "SELL",
    "size": 1,
    "reqPrice": 1.1,
    "fillPrice": 1.1,
    "result": "LOSE",
    "pnl": -1,
    "mgStep": 3,
    "strategy": "AI Model (1m)"
  },
  {
    "id": 20,
    "ts": 1759996505723,
    "symbol": "EURUSD",
    "side": "SELL",
    "size": 1,
    "reqPrice": 1.1,
    "fillPrice": 1.1,
    "result": "LOSE",
    "pnl": -1,
    "mgStep": 3,
    "strategy": "AI Model (1m)"
  },
  {
    "id": 19,
    "ts": 1759996492197,
    "symbol": "EURUSD",
    "side": "BUY",
    "size": 1,
    "reqPrice": 1.1,
    "fillPrice": 1.1,
    "result": "WIN",
    "pnl": 0.87,
    "mgStep": 4,
    "strategy": "AI Model (1m)"
  },
  {
    "id": 18,
    "ts": 1759995738034,
    "symbol": "EURUSD",
    "side": "BUY",
    "size": 1,
    "reqPrice": 1.1,
    "fillPrice": 1.1,
    "result": "WIN",
    "pnl": 0.87,
    "mgStep": 2,
    "strategy": "AI Model (1m)"
  },
  {
    "id": 17,
    "ts": 1759995717978,
    "symbol": "EURUSD",
    "side": "BUY",
    "size": 1,
    "reqPrice": 1.1,
    "fillPrice": 1.1,
    "result": "LOSE",
    "pnl": -1,
    "mgStep": 3,
    "strategy": "AI Model (1m)"
  },
  {
    "id": 16,
    "ts": 1759995713524,
    "symbol": "EURUSD",
    "side": "BUY",
    "size": 1,
    "reqPrice": 1.1,
    "fillPrice": 1.1,
    "result": "WIN",
    "pnl": 0.87,
    "mgStep": 4,
    "strategy": "AI Model (1m)"
  },
  {
    "id": 15,
    "ts": 1759995692143,
    "symbol": "EURUSD",
    "side": "BUY",
    "size": 1,
    "reqPrice": 1.1,
    "fillPrice": 1.1,
    "result": "WIN",
    "pnl": 0.87,
    "mgStep": 2,
    "strategy": "AI Model (1m)"
  },
  {
    "id": 14,
    "ts": 1759995686689,
    "symbol": "EURUSD",
    "side": "BUY",
    "size": 1,
    "reqPrice": 1.1,
    "fillPrice": 1.1,
    "result": "LOSE",
    "pnl": -1,
    "mgStep": 4,
    "strategy": "AI Model (1m)"
  },
  {
    "id": 13,
    "ts": 1759995658446,
    "symbol": "EURUSD",
    "side": "BUY",
    "size": 1,
    "reqPrice": 1.1,
    "fillPrice": 1.1,
    "result": "LOSE",
    "pnl": -1,
    "mgStep": 4,
    "strategy": "AI Model (1m)"
  },
  {
    "id": 12,
    "ts": 1759995636258,
    "symbol": "EURUSD",
    "side": "SELL",
    "size": 1,
    "reqPrice": 1.1,
    "fillPrice": 1.1,
    "result": "WIN",
    "pnl": 0.87,
    "mgStep": 1,
    "strategy": "AI Model (1m)"
  },
  {
    "id": 11,
    "ts": 1759995631667,
    "symbol": "EURUSD",
    "side": "SELL",
    "size": 1,
    "reqPrice": 1.1,
    "fillPrice": 1.1,
    "result": "WIN",
    "pnl": 0.87,
    "mgStep": 4,
    "strategy": "AI Model (1m)"
  },
  {
    "id": 10,
    "ts": 1759995626520,
    "symbol": "EURUSD",
    "side": "SELL",
    "size": 1,
    "reqPrice": 1.1,
    "fillPrice": 1.1,
    "result": "LOSE",
    "pnl": -1,
    "mgStep": 1,
    "strategy": "AI Model (1m)"
  },
  {
    "id": 9,
    "ts": 1759995618866,
    "symbol": "EURUSD",
    "side": "SELL",
    "size": 1,
    "reqPrice": 1.1,
    "fillPrice": 1.1,
    "result": "WIN",
    "pnl": 0.87,
    "mgStep": 4,
    "strategy": "AI Model (1m)"
  },
  {
    "id": 8,
    "ts": 1759995613611,
    "symbol": "EURUSD",
    "side": "SELL",
    "size": 1,
    "reqPrice": 1.1,
    "fillPrice": 1.1,
    "result": "DRAW",
    "pnl": 0,
    "mgStep": 4,
    "strategy": "AI Model (1m)"
  },
  {
    "id": 7,
    "ts": 1759995609803,
    "symbol": "EURUSD",
    "side": "SELL",
    "size": 1,
    "reqPrice": 1.1,
    "fillPrice": 1.1,
    "result": "WIN",
    "pnl": 0.87,
    "mgStep": 4,
    "strategy": "AI Model (1m)"
  },
  {
    "id": 6,
    "ts": 1759995606467,
    "symbol": "EURUSD",
    "side": "SELL",
    "size": 1,
    "reqPrice": 1.1,
    "fillPrice": 1.1,
    "result": "LOSE",
    "pnl": -1,
    "mgStep": 3,
    "strategy": "AI Model (1m)"
  },
  {
    "id": 5,
    "ts": 1759995602206,
    "symbol": "EURUSD",
    "side": "SELL",
    "size": 1,
    "reqPrice": 1.1,
    "fillPrice": 1.1,
    "result": "WIN",
    "pnl": 0.87,
    "mgStep": 2,
    "strategy": "AI Model (1m)"
  },
  {
    "id": 4,
    "ts": 1759995587806,
    "symbol": "EURUSD",
    "side": "SELL",
    "size": 1,
    "reqPrice": 1.1,
    "fillPrice": 1.1,
    "result": "WIN",
    "pnl": 0.87,
    "mgStep": 4,
    "strategy": "AI Model (1m)"
  },
  {
    "id": 3,
    "ts": 1759995581795,
    "symbol": "EURUSD",
    "side": "SELL",
    "size": 1,
    "reqPrice": 1.1,
    "fillPrice": 1.1,
    "result": "WIN",
    "pnl": 0.87,
    "mgStep": 2,
    "strategy": "AI Model (1m)"
  },
  {
    "id": 2,
    "ts": 1759995574902,
    "symbol": "EURUSD",
    "side": "BUY",
    "size": 1,
    "reqPrice": 1.1,
    "fillPrice": 1.1,
    "result": "WIN",
    "pnl": 0.87,
    "mgStep": 1,
    "strategy": "AI Model (1m)"
  },
  {
    "id": 1,
    "ts": 1759995568413,
    "symbol": "EURUSD",
    "side": "BUY",
    "size": 1,
    "reqPrice": 1.1,
    "fillPrice": 1.1,
    "result": "WIN",
    "pnl": 0.87,
    "mgStep": 2,
    "strategy": "AI Model (1m)"
  }
]