[
  {
    "id": "IBfrsmrA",
    "ts": "2025-10-14T15:28:40.586Z",
    "type": "connect",
    "detail": {
      "email": "local@user",
      "account_type": "PRACTICE"
    }
  },
  {
    "id": "mfgWlyuD",
    "ts": "2025-10-14T15:28:39.705Z",
    "type": "connect",
    "detail": {
      "email": "local@user",
      "account_type": "PRACTICE"
    }
  },
  {
    "id": "NMRenRqB",
    "ts": "2025-10-14T15:28:38.495Z",
    "type": "connect",
    "detail": {
      "email": "local@user",
      "account_type": "PRACTICE"
    }
  },
  {
    "id": "jMpg9s5Q",
    "ts": "2025-10-14T15:28:32.444Z",
    "type": "connect",
    "detail": {
      "email": "local@user",
      "account_type": "PRACTICE"
    }
  },
  {
    "id": "9RdoqDzr",
    "ts": "2025-10-14T15:28:30.208Z",
    "type": "connect",
    "detail": {
      "email": "local@user",
      "account_type": "PRACTICE"
    }
  },
  {
    "id": "w5KF2Tuk",
    "ts": "2025-10-14T15:28:25.106Z",
    "type": "connect",
    "detail": {
      "email": "local@user",
      "account_type": "PRACTICE"
    }
  },
  {
    "id": "8tNuOYzL",
    "ts": "2025-10-14T15:28:19.369Z",
    "type": "connect",
    "detail": {
      "email": "local@user",
      "account_type": "PRACTICE"
    }
  },
  {
    "id": "Gn7kS0kA",
    "ts": "2025-10-14T15:28:16.821Z",
    "type": "connect",
    "detail": {
      "email": "local@user",
      "account_type": "PRACTICE"
    }
  },
  {
    "id": "j797TapS",
    "ts": "2025-10-14T15:00:57.789Z",
    "type": "bot_stop"
  },
  {
    "id": "QEBQBt__",
    "ts": "2025-10-14T15:00:56.703Z",
    "type": "bot_start",
    "detail": {
      "cfg": {
        "assets": [
          "EURUSD",
          "XAUUSD"
        ],
        "duration": 5,
        "amount": 1,
        "block_start": null,
        "block_end": null,
        "lead_time_sec": 5,
        "strategy_name": "Baseline"
      }
    }
  },
  {
    "id": "dR2f0k47",
    "ts": "2025-10-14T15:00:55.376Z",
    "type": "generate",
    "detail": {
      "owner": "AngelTeam",
      "plan": "pro",
      "days": 30,
      "file": "tX1LdPu6CH.json"
    }
  },
  {
    "id": "K4T3w1Ia",
    "ts": "2025-10-14T15:00:52.302Z",
    "type": "verify",
    "detail": {}
  },
  {
    "id": "3_6zqd8T",
    "ts": "2025-10-14T15:00:49.614Z",
    "type": "connect",
    "detail": {
      "email": "local@user",
      "account_type": "PRACTICE"
    }
  },
  {
    "id": "stHcwtsh",
    "ts": "2025-10-14T14:59:07.654Z",
    "type": "connect",
    "detail": {
      "email": "local@user",
      "account_type": "PRACTICE"
    }
  },
  {
    "id": "ILPKYMEl",
    "ts": "2025-10-14T14:59:06.495Z",
    "type": "connect",
    "detail": {
      "email": "local@user",
      "account_type": "PRACTICE"
    }
  },
  {
    "id": "S4wLNxee",
    "ts": "2025-10-14T14:57:33.380Z",
    "type": "bot_stop"
  },
  {
    "id": "cAsoiION",
    "ts": "2025-10-14T14:57:32.351Z",
    "type": "connect",
    "detail": {
      "email": "local@user",
      "account_type": "PRACTICE"
    }
  },
  {
    "id": "_Jm3oWT_",
    "ts": "2025-10-14T14:57:21.398Z",
    "type": "bot_stop"
  },
  {
    "id": "MwUicMhN",
    "ts": "2025-10-14T14:55:05.926Z",
    "type": "bot_stop"
  },
  {
    "id": "-Vvu60eP",
    "ts": "2025-10-14T14:55:01.846Z",
    "type": "connect",
    "detail": {
      "email": "local@user",
      "account_type": "PRACTICE"
    }
  },
  {
    "id": "jpo0LUKx",
    "ts": "2025-10-14T14:54:56.478Z",
    "type": "verify",
    "detail": {}
  },
  {
    "id": "FKoatbBJ",
    "ts": "2025-10-14T14:54:54.042Z",
    "type": "bot_stop"
  },
  {
    "id": "S3FaL0B5",
    "ts": "2025-10-14T14:54:50.142Z",
    "type": "connect",
    "detail": {
      "email": "local@user",
      "account_type": "PRACTICE"
    }
  },
  {
    "id": "8J1SjD3G",
    "ts": "2025-10-14T14:54:45.751Z",
    "type": "bot_stop"
  },
  {
    "id": "EbQJU2H3",
    "ts": "2025-10-14T14:41:29.126Z",
    "type": "bot_stop"
  },
  {
    "id": "YLoa3Fg0",
    "ts": "2025-10-14T14:41:28.543Z",
    "type": "bot_start",
    "detail": {
      "cfg": {
        "assets": [
          "EURUSD",
          "XAUUSD"
        ],
        "duration": 1,
        "amount": 1,
        "block_start": null,
        "block_end": null,
        "lead_time_sec": 5,
        "strategy_name": "Baseline"
      }
    }
  },
  {
    "id": "8sKVr0AP",
    "ts": "2025-10-14T14:41:26.606Z",
    "type": "bot_stop"
  },
  {
    "id": "c4Pvp8Dm",
    "ts": "2025-10-14T14:41:24.574Z",
    "type": "bot_start",
    "detail": {
      "cfg": {
        "assets": [
          "EURUSD",
          "XAUUSD"
        ],
        "duration": 1,
        "amount": 1,
        "block_start": null,
        "block_end": null,
        "lead_time_sec": 5,
        "strategy_name": "Baseline"
      }
    }
  },
  {
    "id": "TOnjTL-D",
    "ts": "2025-10-14T14:37:18.014Z",
    "type": "connect",
    "detail": {
      "email": "local@user",
      "account_type": "PRACTICE"
    }
  },
  {
    "id": "X00Djvcq",
    "ts": "2025-10-14T14:27:08.831Z",
    "type": "generate",
    "detail": {
      "owner": "AngelTeam",
      "plan": "pro",
      "days": 30,
      "file": "yxZ-jZfsNy.json"
    }
  },
  {
    "id": "AkcndcZK",
    "ts": "2025-10-14T14:27:04.096Z",
    "type": "connect",
    "detail": {
      "email": "local@user",
      "account_type": "PRACTICE"
    }
  },
  {
    "id": "J2CiYoOJ",
    "ts": "2025-10-14T14:27:02.760Z",
    "type": "verify",
    "detail": {}
  },
  {
    "id": "_h_MvBWJ",
    "ts": "2025-10-14T14:26:25.636Z",
    "type": "connect",
    "detail": {
      "email": "user@angel.local",
      "account_type": "PRACTICE"
    }
  },
  {
    "id": "65HV7TxQ",
    "ts": "2025-10-14T14:26:07.386Z",
    "type": "bot_stop"
  },
  {
    "id": "QAckVabB",
    "ts": "2025-10-14T14:21:57.061Z",
    "type": "bot_start",
    "detail": {
      "cfg": {
        "assets": [
          "EURUSD",
          "XAUUSD"
        ],
        "duration": 1,
        "amount": 1,
        "block_start": null,
        "block_end": null,
        "lead_time_sec": 5,
        "strategy_name": "demo"
      }
    }
  },
  {
    "id": "wqekkXsR",
    "ts": "2025-10-14T14:21:19.353Z",
    "type": "bot_start",
    "detail": {
      "cfg": {
        "assets": [
          "EURUSD",
          "XAUUSD"
        ],
        "duration": 1,
        "amount": 1,
        "block_start": null,
        "block_end": null,
        "lead_time_sec": 5,
        "strategy_name": "demo"
      }
    }
  },
  {
    "id": "DvorlLei",
    "ts": "2025-10-14T14:20:39.990Z",
    "type": "bot_stop"
  },
  {
    "id": "35O9JFXe",
    "ts": "2025-10-14T14:20:39.384Z",
    "type": "bot_start",
    "detail": {
      "cfg": {
        "assets": [
          "EURUSD",
          "XAUUSD"
        ],
        "duration": 1,
        "amount": 1,
        "block_start": null,
        "block_end": null,
        "lead_time_sec": 5,
        "strategy_name": "Baseline"
      }
    }
  },
  {
    "id": "AxgOQ02t",
    "ts": "2025-10-14T14:20:38.686Z",
    "type": "bot_stop"
  },
  {
    "id": "o7hmJ6Jj",
    "ts": "2025-10-14T14:20:37.537Z",
    "type": "bot_start",
    "detail": {
      "cfg": {
        "assets": [
          "EURUSD",
          "XAUUSD"
        ],
        "duration": 1,
        "amount": 1,
        "block_start": null,
        "block_end": null,
        "lead_time_sec": 5,
        "strategy_name": "Baseline"
      }
    }
  },
  {
    "id": "PiwTvOV-",
    "ts": "2025-10-14T14:20:35.422Z",
    "type": "bot_stop"
  },
  {
    "id": "BJY34ky5",
    "ts": "2025-10-14T14:20:33.165Z",
    "type": "bot_start",
    "detail": {
      "cfg": {
        "assets": [
          "EURUSD",
          "XAUUSD"
        ],
        "duration": 1,
        "amount": 1,
        "block_start": null,
        "block_end": null,
        "lead_time_sec": 5,
        "strategy_name": "Baseline"
      }
    }
  },
  {
    "id": "4c0T510q",
    "ts": "2025-10-14T14:20:11.452Z",
    "type": "bot_start",
    "detail": {
      "cfg": {
        "assets": [
          "EURUSD",
          "XAUUSD"
        ],
        "duration": 1,
        "amount": 1,
        "block_start": null,
        "block_end": null,
        "lead_time_sec": 5,
        "strategy_name": "demo"
      }
    }
  },
  {
    "id": "7Bl7255C",
    "ts": "2025-10-14T14:19:36.573Z",
    "type": "bot_stop"
  },
  {
    "id": "o2VADWyy",
    "ts": "2025-10-14T14:19:35.423Z",
    "type": "bot_start",
    "detail": {
      "cfg": {
        "assets": [
          "EURUSD",
          "XAUUSD"
        ],
        "duration": 1,
        "amount": 1,
        "block_start": null,
        "block_end": null,
        "lead_time_sec": 5,
        "strategy_name": "Baseline"
      }
    }
  },
  {
    "id": "rKgMAxyl",
    "ts": "2025-10-14T14:19:30.634Z",
    "type": "bot_stop"
  },
  {
    "id": "rUKCGzhq",
    "ts": "2025-10-14T14:19:25.822Z",
    "type": "bot_start",
    "detail": {
      "cfg": {
        "assets": [
          "EURUSD",
          "XAUUSD"
        ],
        "duration": 1,
        "amount": 1,
        "block_start": null,
        "block_end": null,
        "lead_time_sec": 5,
        "strategy_name": "Baseline"
      }
    }
  },
  {
    "id": "4_0REAXe",
    "ts": "2025-10-14T14:19:24.102Z",
    "type": "bot_stop"
  },
  {
    "id": "IdgaOx4f",
    "ts": "2025-10-14T14:19:21.223Z",
    "type": "bot_start",
    "detail": {
      "cfg": {
        "assets": [
          "EURUSD",
          "XAUUSD"
        ],
        "duration": 1,
        "amount": 1,
        "block_start": null,
        "block_end": null,
        "lead_time_sec": 5,
        "strategy_name": "Baseline"
      }
    }
  },
  {
    "id": "Qg1Ve2vx",
    "ts": "2025-10-14T14:13:44.313Z",
    "type": "connect",
    "detail": {
      "email": "user@angel.local",
      "account_type": "PRACTICE"
    }
  },
  {
    "id": "ZF0INXGj",
    "ts": "2025-10-14T14:11:57.651Z",
    "type": "connect",
    "detail": {
      "email": "user@angel.local",
      "account_type": "PRACTICE"
    }
  },
  {
    "id": "Bo_8gt2n",
    "ts": "2025-10-14T14:09:52.243Z",
    "type": "connect",
    "detail": {
      "email": "local@user",
      "account_type": "PRACTICE"
    }
  },
  {
    "id": "RtiXg8q-",
    "ts": "2025-10-14T14:05:23.617Z",
    "type": "bot_stop"
  },
  {
    "id": "5Eqxl_UY",
    "ts": "2025-10-14T13:22:16.107Z",
    "type": "generate",
    "detail": {
      "owner": "AngelTeam",
      "plan": "pro",
      "days": 30,
      "file": "xvJWwAVZ5b.json"
    }
  },
  {
    "id": "YCz03MoT",
    "ts": "2025-10-14T13:21:12.041Z",
    "type": "generate",
    "detail": {
      "owner": "AngelTeam",
      "plan": "pro",
      "days": 30,
      "file": "CCDp6Koukl.json"
    }
  },
  {
    "id": "Ylc4vQHE",
    "ts": "2025-10-14T13:21:07.785Z",
    "type": "connect",
    "detail": {
      "email": "local@user",
      "account_type": "PRACTICE"
    }
  },
  {
    "id": "dMO_JJj-",
    "ts": "2025-10-14T13:21:05.157Z",
    "type": "verify",
    "detail": {}
  }
]