{
  "running": false,
  "connected": true,
  "startedAt": "2025-10-13T14:40:13.960Z",
  "lastActionAt": "2025-10-13T14:40:13.961Z",
  "orders": 0,
  "w": 0,
  "l": 0,
  "d": 0,
  "pnl": 0,
  "maxMG": 0,
  "step": 0,
  "payout": 0,
  "maxStake": 0,
  "equityStart": null,
  "equityNow": null,
  "maxDD": 0,
  "lifePnl": 0,
  "notes": [
    {
      "ts": "2025-10-13T14:40:10.094Z",
      "type": "note",
      "note": "client: reset life pnl (offset)"
    },
    {
      "ts": "2025-10-13T14:40:03.160Z",
      "type": "note",
      "note": "client: reset life pnl (offset)"
    },
    {
      "ts": "2025-10-13T14:38:40.722Z",
      "type": "note",
      "note": "client: reset life pnl (offset)"
    },
    {
      "ts": "2025-10-13T13:59:56.990Z",
      "type": "note",
      "note": "client: reset life pnl (offset)"
    },
    {
      "ts": "2025-10-13T13:59:56.031Z",
      "type": "note",
      "note": "client: reset life pnl (offset)"
    },
    {
      "ts": "2025-10-13T13:59:51.405Z",
      "type": "note",
      "note": "client: reset life pnl (offset)"
    },
    {
      "ts": "2025-10-13T13:59:38.319Z",
      "type": "note",
      "note": "client: reset life pnl (offset)"
    },
    {
      "ts": "2025-10-13T13:59:30.990Z",
      "type": "note",
      "note": "client: reset life pnl (offset)"
    },
    {
      "ts": "2025-10-13T13:29:17.342Z",
      "type": "note",
      "note": "client: reset life pnl (offset)"
    },
    {
      "ts": "2025-10-13T13:28:58.005Z",
      "type": "note",
      "note": "client: reset life pnl (offset)"
    },
    {
      "ts": "2025-10-13T13:23:13.540Z",
      "type": "note",
      "note": "client: reset life pnl (offset)"
    },
    {
      "ts": "2025-10-13T09:39:02.417Z",
      "type": "note",
      "note": "client: reset life pnl (offset)"
    },
    {
      "ts": "2025-10-13T09:38:18.074Z",
      "type": "note",
      "note": "client: reset life pnl (offset)"
    },
    {
      "ts": "2025-10-13T09:38:02.028Z",
      "type": "note",
      "note": "client: reset life pnl (offset)"
    },
    {
      "ts": "2025-10-13T09:37:37.603Z",
      "type": "note",
      "note": "client: reset life pnl (offset)"
    },
    {
      "ts": "2025-10-13T09:36:14.948Z",
      "type": "note",
      "note": "client: reset life pnl (offset)"
    },
    {
      "ts": "2025-10-13T09:36:13.052Z",
      "type": "note",
      "note": "client: reset life pnl (offset)"
    },
    {
      "ts": "2025-10-13T09:36:06.700Z",
      "type": "note",
      "note": "client: reset life pnl (offset)"
    },
    {
      "ts": "2025-10-13T09:32:05.339Z",
      "type": "note",
      "note": "client: reset life pnl (offset)"
    },
    {
      "ts": "2025-10-13T09:31:58.180Z",
      "type": "note",
      "note": "client: reset life pnl (offset)"
    },
    {
      "ts": "2025-10-13T09:31:45.930Z",
      "type": "note",
      "note": "client: reset life pnl (offset)"
    },
    {
      "ts": "2025-10-13T09:31:42.268Z",
      "type": "note",
      "note": "client: reset life pnl (offset)"
    },
    {
      "ts": "2025-10-13T09:31:41.172Z",
      "type": "note",
      "note": "client: reset life pnl (offset)"
    },
    {
      "ts": "2025-10-13T09:31:40.052Z",
      "type": "note",
      "note": "client: reset life pnl (offset)"
    },
    {
      "ts": "2025-10-13T09:31:36.493Z",
      "type": "note",
      "note": "client: reset life pnl (offset)"
    },
    {
      "ts": "2025-10-13T09:28:18.187Z",
      "type": "note",
      "note": "client: reset life pnl (offset)"
    },
    {
      "ts": "2025-10-13T09:28:16.450Z",
      "type": "note",
      "note": "client: reset life pnl (offset)"
    },
    {
      "ts": "2025-10-13T09:28:08.804Z",
      "type": "note",
      "note": "client: reset life pnl (offset)"
    },
    {
      "ts": "2025-10-13T09:26:19.851Z",
      "type": "note",
      "note": "client: reset life pnl (offset)"
    },
    {
      "ts": "2025-10-13T09:26:16.797Z",
      "type": "note",
      "note": "client: reset life pnl (offset)"
    },
    {
      "ts": "2025-10-13T09:26:12.986Z",
      "type": "note",
      "note": "client: reset life pnl (offset)"
    },
    {
      "ts": "2025-10-13T09:23:05.461Z",
      "type": "note",
      "note": "client: reset life pnl (offset)"
    },
    {
      "ts": "2025-10-13T09:19:34.317Z",
      "type": "note",
      "note": "client: reset life pnl (offset)"
    },
    {
      "ts": "2025-10-13T09:19:33.186Z",
      "type": "note",
      "note": "client: reset life pnl (offset)"
    },
    {
      "ts": "2025-10-13T09:19:32.037Z",
      "type": "note",
      "note": "client: reset life pnl (offset)"
    },
    {
      "ts": "2025-10-13T09:19:08.515Z",
      "type": "note",
      "note": "client: reset life pnl (offset)"
    },
    {
      "ts": "2025-10-13T09:19:06.197Z",
      "type": "note",
      "note": "client: reset life pnl (offset)"
    },
    {
      "ts": "2025-10-13T09:18:41.667Z",
      "type": "note",
      "note": "client: reset life pnl (offset)"
    },
    {
      "ts": "2025-10-13T09:18:38.925Z",
      "type": "note",
      "note": "client: reset life pnl (offset)"
    },
    {
      "ts": "2025-10-13T09:18:38.037Z",
      "type": "note",
      "note": "client: reset life pnl (offset)"
    },
    {
      "ts": "2025-10-13T09:18:36.972Z",
      "type": "note",
      "note": "client: reset life pnl (offset)"
    },
    {
      "ts": "2025-10-13T09:18:35.509Z",
      "type": "note",
      "note": "client: reset life pnl (offset)"
    },
    {
      "ts": "2025-10-13T09:18:30.174Z",
      "type": "note",
      "note": "client: reset life pnl (offset)"
    },
    {
      "ts": "2025-10-13T09:10:50.386Z",
      "type": "note",
      "note": "client: reset life pnl (offset)"
    },
    {
      "ts": "2025-10-13T09:10:49.492Z",
      "type": "note",
      "note": "client: reset life pnl (offset)"
    },
    {
      "ts": "2025-10-13T09:10:42.164Z",
      "type": "note",
      "note": "client: reset life pnl (offset)"
    },
    {
      "ts": "2025-10-13T09:10:09.118Z",
      "type": "note",
      "note": "client: reset life pnl (offset)"
    },
    {
      "ts": "2025-10-13T09:08:09.475Z",
      "type": "note",
      "note": "client: reset life pnl (offset)"
    },
    {
      "ts": "2025-10-13T09:07:59.293Z",
      "type": "note",
      "note": "client: reset life pnl (offset)"
    },
    {
      "ts": "2025-10-13T09:07:57.381Z",
      "type": "note",
      "note": "client: reset life pnl (offset)"
    },
    {
      "ts": "2025-10-13T09:07:54.333Z",
      "type": "note",
      "note": "client: reset life pnl (offset)"
    },
    {
      "ts": "2025-10-13T09:07:07.437Z",
      "type": "note",
      "note": "client: reset life pnl (offset)"
    },
    {
      "ts": "2025-10-13T09:07:02.332Z",
      "type": "note",
      "note": "client: reset life pnl (offset)"
    },
    {
      "ts": "2025-10-13T09:06:59.155Z",
      "type": "note",
      "note": "client: reset life pnl (offset)"
    },
    {
      "ts": "2025-10-13T09:06:05.214Z",
      "type": "note",
      "note": "client: reset life pnl (offset)"
    },
    {
      "ts": "2025-10-13T08:58:10.118Z",
      "type": "note",
      "note": "client: reset life pnl (offset)"
    },
    {
      "ts": "2025-10-13T08:58:07.629Z",
      "type": "note",
      "note": "client: reset life pnl (offset)"
    },
    {
      "ts": "2025-10-13T08:55:40.901Z",
      "type": "note",
      "note": "client: reset life pnl (offset)"
    },
    {
      "ts": "2025-10-13T08:55:38.469Z",
      "type": "note",
      "note": "client: reset life pnl (offset)"
    },
    {
      "ts": "2025-10-13T08:53:42.973Z",
      "type": "note",
      "note": "client: reset life pnl (offset)"
    },
    {
      "ts": "2025-10-13T08:53:39.038Z",
      "type": "note",
      "note": "client: reset life pnl (offset)"
    },
    {
      "ts": "2025-10-13T08:50:47.254Z",
      "type": "note",
      "note": "client: reset life pnl (offset)"
    },
    {
      "ts": "2025-10-13T07:29:05.149Z",
      "type": "note",
      "note": "client: reset life pnl (offset)"
    },
    {
      "ts": "2025-10-13T07:28:53.069Z",
      "type": "note",
      "note": "client: reset life pnl (offset)"
    },
    {
      "ts": "2025-10-13T07:28:46.924Z",
      "type": "note",
      "note": "client: reset life pnl (offset)"
    },
    {
      "ts": "2025-10-13T06:15:19.685Z",
      "type": "note",
      "note": "client: reset life pnl (offset)"
    },
    {
      "ts": "2025-10-13T06:15:04.629Z",
      "type": "note",
      "note": "client: reset life pnl (offset)"
    },
    {
      "ts": "2025-10-13T05:28:19.182Z",
      "type": "note",
      "note": "client: reset life pnl (offset)"
    },
    {
      "ts": "2025-10-13T05:28:14.845Z",
      "type": "note",
      "note": "client: reset life pnl (offset)"
    },
    {
      "ts": "2025-10-13T05:28:10.802Z",
      "type": "note",
      "note": "client: reset life pnl (offset)"
    },
    {
      "ts": "2025-10-13T05:21:57.349Z",
      "type": "note",
      "note": "client: reset life pnl (offset)"
    },
    {
      "ts": "2025-10-13T05:21:44.535Z",
      "type": "note",
      "note": "client: reset life pnl (offset)"
    },
    {
      "ts": "2025-10-13T03:57:52.055Z",
      "type": "note",
      "note": "client: reset life pnl (offset)"
    },
    {
      "ts": "2025-10-13T03:49:06.587Z",
      "type": "note",
      "note": "client: reset life pnl (offset)"
    },
    {
      "ts": "2025-10-13T03:48:17.123Z",
      "type": "note",
      "note": "client: reset life pnl (offset)"
    },
    {
      "ts": "2025-10-13T03:48:14.556Z",
      "type": "note",
      "note": "client: reset life pnl (offset)"
    },
    {
      "ts": "2025-10-13T02:26:52.631Z",
      "type": "note",
      "note": "client: reset life pnl (offset)"
    },
    {
      "ts": "2025-10-13T01:20:48.033Z",
      "type": "note",
      "note": "client: reset life pnl (offset)"
    },
    {
      "ts": "2025-10-13T01:20:40.842Z",
      "type": "note",
      "note": "client: reset life pnl (offset)"
    },
    {
      "ts": "2025-10-13T01:20:34.120Z",
      "type": "note",
      "note": "client: reset life pnl (offset)"
    },
    {
      "ts": "2025-10-13T01:20:30.347Z",
      "type": "note",
      "note": "client: reset life pnl (offset)"
    },
    {
      "ts": "2025-10-13T01:20:08.482Z",
      "type": "note",
      "note": "client: reset life pnl (offset)"
    },
    {
      "ts": "2025-10-13T01:20:05.457Z",
      "type": "note",
      "note": "client: reset life pnl (offset)"
    },
    {
      "ts": "2025-10-13T01:19:56.949Z",
      "type": "note",
      "note": "client: reset life pnl (offset)"
    },
    {
      "ts": "2025-10-13T01:19:52.147Z",
      "type": "note",
      "note": "client: reset life pnl (offset)"
    },
    {
      "ts": "2025-10-13T01:19:47.019Z",
      "type": "note",
      "note": "client: reset life pnl (offset)"
    }
  ]
}